ville,region,latitude,longitude,population,categorie,superficie_km2
Paris,Île-de-France,48.8566,2.3522,2145000,grande,12011
Marseille,Provence-Alpes-Côte d'Azur,43.2965,5.3698,870000,grande,31400
Lyon,Auvergne-Rhône-Alpes,45.764,4.8357,522000,grande,69711
Toulouse,Occitanie,43.6047,1.4442,493000,moyenne,72724
Nice,Provence-Alpes-Côte d'Azur,43.7102,7.262,342000,moyenne,31400
Nantes,Pays de la Loire,47.2184,-1.5536,314000,moyenne,32082
Montpellier,Occitanie,43.6108,3.8767,295000,moyenne,72724
Strasbourg,Grand Est,48.5734,7.7521,291000,moyenne,57433
Bordeaux,Nouvelle-Aquitaine,44.8378,-0.5792,260000,moyenne,84061
Lille,Hauts-de-France,50.6292,3.0573,233000,moyenne,31813
Rennes,Bretagne,48.1173,-1.6778,220000,moyenne,27208
Reims,Grand Est,49.2583,4.0317,182000,moyenne,57433
Le Havre,Normandie,49.4944,0.1079,170000,moyenne,29907
Saint-Étienne,Auvergne-Rhône-Alpes,45.4397,4.3872,172000,moyenne,69711
Toulon,Provence-Alpes-Côte d'Azur,43.1242,5.928,171000,moyenne,31400
Grenoble,Auvergne-Rhône-Alpes,45.1885,5.7245,158000,moyenne,69711
Dijon,Bourgogne-Franche-Comté,47.322,5.0415,156000,moyenne,47784
Angers,Pays de la Loire,47.4784,-0.5632,152000,moyenne,32082
Nîmes,Occitanie,43.8367,4.3601,150000,petite,72724
Villeurbanne,Auvergne-Rhône-Alpes,45.7667,4.8794,149000,petite,69711
Clermont-Ferrand,Auvergne-Rhône-Alpes,45.7772,3.087,147000,petite,69711
Le Mans,Pays de la Loire,48.0061,0.1996,143000,petite,32082
Aix-en-Provence,Provence-Alpes-Côte d'Azur,43.5297,5.4474,143000,petite,31400
Brest,Bretagne,48.3904,-4.4861,139000,petite,27208
Tours,Centre-Val de Loire,47.3941,0.6848,136000,petite,39151
Amiens,Hauts-de-France,49.8941,2.2957,133000,petite,31813
Limoges,Nouvelle-Aquitaine,45.8336,1.2611,131000,petite,84061
Annecy,Auvergne-Rhône-Alpes,45.8992,6.1294,128000,petite,69711
Perpignan,Occitanie,42.6887,2.8948,119000,petite,72724
Metz,Grand Est,49.1193,6.1757,116000,petite,57433
