ville,population,age_moyen
Paris,2145000.0,38.0
Marseille,870000.0,37.6
Lyon,522000.0,38.6
Toulouse,493000.0,37.0
Nice,342000.0,37.9
Nantes,314000.0,38.4
Montpellier,295000.0,39.8
Strasbourg,291000.0,40.1
Bordeaux,260000.0,37.2
Lille,233000.0,37.9
Rennes,220000.0,39.6
Reims,182000.0,36.6
Le Havre,170000.0,38.4
Saint-Étienne,172000.0,38.9
Toulon,171000.0,40.5
Grenoble,158000.0,39.8
Dijon,156000.0,38.6
Angers,152000.0,38.6
Nîmes,150000.0,38.7
Villeurbanne,149000.0,40.9
Clermont-Ferrand,147000.0,38.5
Le Mans,143000.0,38.7
Aix-en-Provence,143000.0,39.5
Brest,139000.0,38.9
Tours,136000.0,38.9
Amiens,133000.0,37.8
Limoges,131000.0,39.1
Annecy,128000.0,38.6
Perpignan,119000.0,40.6
Metz,116000.0,40.0
Orléans,116000.0,39.1
Mulhouse,108000.0,40.0
Caen,105000.0,38.8
Nancy,104000.0,40.5
Tourcoing,97000.0,39.3
Roubaix,96000.0,40.0
Avignon,92000.0,37.7
Créteil,91000.0,39.7
Poitiers,88000.0,37.3
Versailles,85000.0,36.9
Béziers,79000.0,39.0
Cherbourg-en-Cotentin,78000.0,
Pau,77000.0,39.6
La Rochelle,76000.0,
Colmar,70000.0,38.4
Valence,64000.0,38.7
Quimper,63000.0,39.7
Troyes,61000.0,
Chambéry,59000.0,39.3
Niort,58000.0,
Vannes,53000.0,40.4
Bayonne,51000.0,40.2
Laval,,38.3
Albi,49000.0,39.5
Belfort,47000.0,39.7
Charleville-Mézières,,38.4
Châteauroux,43000.0,
Agen,33000.0,38.8
Auxerre,33000.0,41.0
Épinal,31000.0,40.1
